{"./websas/lela/models.py": {"total": [0, 0, 0, 0, 0, 0, 0, 0, 0, 0, 0.0, 0.0], "functions": []}, "./websas/orden/models.py": {"total": [6, 20, 13, 21, 26, 34, 101.94833690207419, 159.81495041679716, 3.15, 503.41709381291105, 27.967616322939502, 0.05327165013893238], "functions": [["__str__", [0, 0, 0, 0, 0, 0, 0, 0, 0, 0, 0.0, 0.0]], ["condicion", [0, 0, 0, 0, 0, 0, 0, 0, 0, 0, 0.0, 0.0]], ["agregar_tarea", [1, 1, 1, 2, 2, 3, 0.0, 3.0, 1.0, 3.0, 0.16666666666666666, 0.001]], ["_tareas_en_estado", [0, 0, 0, 0, 0, 0, 0, 0, 0, 0, 0.0, 0.0]], ["tareas_presupuestadas", [0, 0, 0, 0, 0, 0, 0, 0, 0, 0, 0.0, 0.0]], ["tareas_pendientes", [0, 0, 0, 0, 0, 0, 0, 0, 0, 0, 0.0, 0.0]], ["tareas_realizadas", [0, 0, 0, 0, 0, 0, 0, 0, 0, 0, 0.0, 0.0]], ["tareas_canceladas", [0, 0, 0, 0, 0, 0, 0, 0, 0, 0, 0.0, 0.0]], ["tipos_tarea_agregables", [2, 3, 2, 3, 5, 5, 6.754887502163469, 11.60964047443681, 1.0, 11.60964047443681, 0.6449800263576005, 0.0038698801581456034]], ["precio_total", [1, 2, 1, 2, 3, 3, 2.0, 4.754887502163469, 0.5, 2.3774437510817346, 0.1320802083934297, 0.0015849625007211565]], ["_hacer_en_tareas", [3, 6, 4, 6, 9, 10, 20.264662506490406, 31.699250014423125, 1.5, 47.548875021634686, 2.6416041678685938, 0.010566416671474375]], ["aceptar_tareas", [0, 0, 0, 0, 0, 0, 0, 0, 0, 0, 0.0, 0.0]], ["finalizar_tareas", [0, 0, 0, 0, 0, 0, 0, 0, 0, 0, 0.0, 0.0]], ["cancelar_tareas", [0, 0, 0, 0, 0, 0, 0, 0, 0, 0, 0.0, 0.0]], ["reservar_stock", [1, 1, 1, 1, 2, 2, 0.0, 2.0, 0.5, 1.0, 0.05555555555555555, 0.0006666666666666666]], ["cancelar", [1, 1, 1, 1, 2, 2, 0.0, 2.0, 0.5, 1.0, 0.05555555555555555, 0.0006666666666666666]], ["cerrar", [0, 0, 0, 0, 0, 0, 0, 0, 0, 0, 0.0, 0.0]], ["tiene_repuestos", [1, 2, 1, 2, 3, 3, 2.0, 4.754887502163469, 0.5, 2.3774437510817346, 0.1320802083934297, 0.0015849625007211565]], ["total_repuestos", [1, 2, 1, 2, 3, 3, 2.0, 4.754887502163469, 0.5, 2.3774437510817346, 0.1320802083934297, 0.0015849625007211565]], ["total_mano_de_obra", [1, 2, 1, 2, 3, 3, 2.0, 4.754887502163469, 0.5, 2.3774437510817346, 0.1320802083934297, 0.0015849625007211565]], ["fecha", [0, 0, 0, 0, 0, 0, 0, 0, 0, 0, 0.0, 0.0]], ["__str__", [0, 0, 0, 0, 0, 0, 0, 0, 0, 0, 0.0, 0.0]]]}, "./websas/persona/models.py": {"total": [6, 11, 6, 11, 17, 17, 53.563522809337215, 69.48686830125578, 3.0, 208.46060490376735, 11.581144716875963, 0.023162289433751926], "functions": [["__str__", [0, 0, 0, 0, 0, 0, 0, 0, 0, 0, 0.0, 0.0]], ["get_nombre_completo", [0, 0, 0, 0, 0, 0, 0, 0, 0, 0, 0.0, 0.0]], ["save", [0, 0, 0, 0, 0, 0, 0, 0, 0, 0, 0.0, 0.0]], ["is_tecnico", [0, 0, 0, 0, 0, 0, 0, 0, 0, 0, 0.0, 0.0]], ["is_jefe_taller", [0, 0, 0, 0, 0, 0, 0, 0, 0, 0, 0.0, 0.0]], ["is_gerente", [0, 0, 0, 0, 0, 0, 0, 0, 0, 0, 0.0, 0.0]], ["como", [0, 0, 0, 0, 0, 0, 0, 0, 0, 0, 0.0, 0.0]], ["agregar_rol", [1, 1, 1, 1, 2, 2, 0.0, 2.0, 0.5, 1.0, 0.05555555555555555, 0.0006666666666666666]], ["eliminar_rol", [1, 2, 1, 2, 3, 3, 2.0, 4.754887502163469, 0.5, 2.3774437510817346, 0.1320802083934297, 0.0015849625007211565]], ["roles_related", [0, 0, 0, 0, 0, 0, 0, 0, 0, 0, 0.0, 0.0]], ["sos", [0, 0, 0, 0, 0, 0, 0, 0, 0, 0, 0.0, 0.0]], ["__str__", [0, 0, 0, 0, 0, 0, 0, 0, 0, 0, 0.0, 0.0]], ["nombre", [0, 0, 0, 0, 0, 0, 0, 0, 0, 0, 0.0, 0.0]], ["apellido", [0, 0, 0, 0, 0, 0, 0, 0, 0, 0, 0.0, 0.0]], ["doc", [0, 0, 0, 0, 0, 0, 0, 0, 0, 0, 0.0, 0.0]], ["domicilio", [0, 0, 0, 0, 0, 0, 0, 0, 0, 0, 0.0, 0.0]], ["correo", [0, 0, 0, 0, 0, 0, 0, 0, 0, 0, 0.0, 0.0]], ["telefono", [0, 0, 0, 0, 0, 0, 0, 0, 0, 0, 0.0, 0.0]], ["save", [1, 2, 1, 2, 3, 3, 2.0, 4.754887502163469, 0.5, 2.3774437510817346, 0.1320802083934297, 0.0015849625007211565]], ["related", [3, 6, 3, 6, 9, 9, 20.264662506490406, 28.529325012980813, 1.5, 42.793987519471216, 2.377443751081734, 0.009509775004326938]], ["register", [0, 0, 0, 0, 0, 0, 0, 0, 0, 0, 0.0, 0.0]]]}, "./websas/producto/models.py": {"total": [5, 15, 8, 16, 20, 24, 70.2129994085646, 103.72627427729671, 2.6666666666666665, 276.6033980727912, 15.366855448488401, 0.0345754247590989], "functions": [["save", [1, 2, 1, 2, 3, 3, 2.0, 4.754887502163469, 0.5, 2.3774437510817346, 0.1320802083934297, 0.0015849625007211565]], ["stock_reservado", [0, 0, 0, 0, 0, 0, 0, 0, 0, 0, 0.0, 0.0]], ["stock_disponible", [1, 2, 1, 2, 3, 3, 2.0, 4.754887502163469, 0.5, 2.3774437510817346, 0.1320802083934297, 0.0015849625007211565]], ["stock_es_bajo", [1, 2, 1, 2, 3, 3, 2.0, 4.754887502163469, 0.5, 2.3774437510817346, 0.1320802083934297, 0.0015849625007211565]], ["save", [2, 4, 2, 4, 6, 6, 10.0, 15.509775004326936, 1.0, 15.509775004326936, 0.861654166907052, 0.005169925001442312]], ["hay_stock", [1, 2, 1, 2, 3, 3, 2.0, 4.754887502163469, 0.5, 2.3774437510817346, 0.1320802083934297, 0.0015849625007211565]], ["subtotal", [1, 2, 1, 2, 3, 3, 2.0, 4.754887502163469, 0.5, 2.3774437510817346, 0.1320802083934297, 0.0015849625007211565]], ["usar_repuestos", [1, 2, 1, 2, 3, 3, 2.0, 4.754887502163469, 0.5, 2.3774437510817346, 0.1320802083934297, 0.0015849625007211565]], ["cancelar", [0, 0, 0, 0, 0, 0, 0, 0, 0, 0, 0.0, 0.0]]]}, "./websas/reportes/models.py": {"total": [0, 0, 0, 0, 0, 0, 0, 0, 0, 0, 0.0, 0.0], "functions": []}, "./websas/rubro/models.py": {"total": [1, 2, 1, 2, 3, 3, 2.0, 4.754887502163469, 0.5, 2.3774437510817346, 0.1320802083934297, 0.0015849625007211565], "functions": [["__str__", [0, 0, 0, 0, 0, 0, 0, 0, 0, 0, 0.0, 0.0]], ["save", [1, 2, 1, 2, 3, 3, 2.0, 4.754887502163469, 0.5, 2.3774437510817346, 0.1320802083934297, 0.0015849625007211565]], ["tipos_tareas_related", [0, 0, 0, 0, 0, 0, 0, 0, 0, 0, 0.0, 0.0]], ["equipos_related", [0, 0, 0, 0, 0, 0, 0, 0, 0, 0, 0.0, 0.0]]]}, "./websas/sas/models.py": {"total": [0, 0, 0, 0, 0, 0, 0, 0, 0, 0, 0.0, 0.0], "functions": [["BajasLogicasManagerFactory", [0, 0, 0, 0, 0, 0, 0, 0, 0, 0, 0.0, 0.0]], ["delete", [0, 0, 0, 0, 0, 0, 0, 0, 0, 0, 0.0, 0.0]], ["eliminar", [0, 0, 0, 0, 0, 0, 0, 0, 0, 0, 0.0, 0.0]]]}, "./websas/servicio/models.py": {"total": [1, 2, 1, 2, 3, 3, 2.0, 4.754887502163469, 0.5, 2.3774437510817346, 0.1320802083934297, 0.0015849625007211565], "functions": [["__str__", [0, 0, 0, 0, 0, 0, 0, 0, 0, 0, 0.0, 0.0]], ["save", [1, 2, 1, 2, 3, 3, 2.0, 4.754887502163469, 0.5, 2.3774437510817346, 0.1320802083934297, 0.0015849625007211565]]]}, "./websas/tarea/models.py": {"total": [10, 33, 19, 35, 43, 54, 199.6842868877026, 293.01829675391326, 5.303030303030303, 1553.884907028328, 86.32693927935155, 0.09767276558463775],